"Statistic","Year","Broad age band (7 cat)","Sex","United Kingdom Net","Rest of World Net","Total Net"
"Net Migration",2002,"Age 0-17","Females",36,263,299
"Net Migration",2002,"Age 0-17","Males",-126,273,147
"Net Migration",2002,"Age 0-17","All persons",-90,536,446
"Net Migration",2002,"Age 18-24","Females",-549,-252,-801
"Net Migration",2002,"Age 18-24","Males",-521,-247,-768
"Net Migration",2002,"Age 18-24","All persons",-1070,-499,-1569
"Net Migration",2002,"Age 25-34","Females",609,-18,591
"Net Migration",2002,"Age 25-34","Males",665,121,786
"Net Migration",2002,"Age 25-34","All persons",1274,103,1377
"Net Migration",2002,"Age 35-44","Females",148,-107,41
"Net Migration",2002,"Age 35-44","Males",214,92,306
"Net Migration",2002,"Age 35-44","All persons",362,-15,347
"Net Migration",2002,"Age 45-54","Females",77,-72,5
"Net Migration",2002,"Age 45-54","Males",104,50,154
"Net Migration",2002,"Age 45-54","All persons",181,-22,159
"Net Migration",2002,"Age 55-64","Females",85,1,86
"Net Migration",2002,"Age 55-64","Males",88,30,118
"Net Migration",2002,"Age 55-64","All persons",173,31,204
"Net Migration",2002,"Age 65+","Females",49,-22,27
"Net Migration",2002,"Age 65+","Males",42,-17,25
"Net Migration",2002,"Age 65+","All persons",91,-39,52
"Net Migration",2002,"All","Females",455,-207,248
"Net Migration",2002,"All","Males",466,302,768
"Net Migration",2002,"All","All persons",921,95,1016
"Net Migration",2003,"Age 0-17","Females",37,195,232
"Net Migration",2003,"Age 0-17","Males",9,243,252
"Net Migration",2003,"Age 0-17","All persons",46,438,484
"Net Migration",2003,"Age 18-24","Females",-876,-241,-1117
"Net Migration",2003,"Age 18-24","Males",-900,-221,-1121
"Net Migration",2003,"Age 18-24","All persons",-1776,-462,-2238
"Net Migration",2003,"Age 25-34","Females",473,-35,438
"Net Migration",2003,"Age 25-34","Males",520,166,686
"Net Migration",2003,"Age 25-34","All persons",993,131,1124
"Net Migration",2003,"Age 35-44","Females",153,-84,69
"Net Migration",2003,"Age 35-44","Males",216,40,256
"Net Migration",2003,"Age 35-44","All persons",369,-44,325
"Net Migration",2003,"Age 45-54","Females",90,-16,74
"Net Migration",2003,"Age 45-54","Males",76,49,125
"Net Migration",2003,"Age 45-54","All persons",166,33,199
"Net Migration",2003,"Age 55-64","Females",87,12,99
"Net Migration",2003,"Age 55-64","Males",97,34,131
"Net Migration",2003,"Age 55-64","All persons",184,46,230
"Net Migration",2003,"Age 65+","Females",54,-14,40
"Net Migration",2003,"Age 65+","Males",66,-1,65
"Net Migration",2003,"Age 65+","All persons",120,-15,105
"Net Migration",2003,"All","Females",18,-183,-165
"Net Migration",2003,"All","Males",84,310,394
"Net Migration",2003,"All","All persons",102,127,229
"Net Migration",2004,"Age 0-17","Females",-75,395,320
"Net Migration",2004,"Age 0-17","Males",-147,420,273
"Net Migration",2004,"Age 0-17","All persons",-222,815,593
"Net Migration",2004,"Age 18-24","Females",-500,-42,-542
"Net Migration",2004,"Age 18-24","Males",-506,-44,-550
"Net Migration",2004,"Age 18-24","All persons",-1006,-86,-1092
"Net Migration",2004,"Age 25-34","Females",337,76,413
"Net Migration",2004,"Age 25-34","Males",449,219,668
"Net Migration",2004,"Age 25-34","All persons",786,295,1081
"Net Migration",2004,"Age 35-44","Females",107,-66,41
"Net Migration",2004,"Age 35-44","Males",120,131,251
"Net Migration",2004,"Age 35-44","All persons",227,65,292
"Net Migration",2004,"Age 45-54","Females",82,-34,48
"Net Migration",2004,"Age 45-54","Males",96,20,116
"Net Migration",2004,"Age 45-54","All persons",178,-14,164
"Net Migration",2004,"Age 55-64","Females",112,-22,90
"Net Migration",2004,"Age 55-64","Males",142,64,206
"Net Migration",2004,"Age 55-64","All persons",254,42,296
"Net Migration",2004,"Age 65+","Females",57,59,116
"Net Migration",2004,"Age 65+","Males",113,2,115
"Net Migration",2004,"Age 65+","All persons",170,61,231
"Net Migration",2004,"All","Females",120,366,486
"Net Migration",2004,"All","Males",267,812,1079
"Net Migration",2004,"All","All persons",387,1178,1565
"Net Migration",2005,"Age 0-17","Females",348,485,833
"Net Migration",2005,"Age 0-17","Males",436,469,905
"Net Migration",2005,"Age 0-17","All persons",784,954,1738
"Net Migration",2005,"Age 18-24","Females",-917,610,-307
"Net Migration",2005,"Age 18-24","Males",-878,654,-224
"Net Migration",2005,"Age 18-24","All persons",-1795,1264,-531
"Net Migration",2005,"Age 25-34","Females",680,636,1316
"Net Migration",2005,"Age 25-34","Males",694,680,1374
"Net Migration",2005,"Age 25-34","All persons",1374,1316,2690
"Net Migration",2005,"Age 35-44","Females",365,8,373
"Net Migration",2005,"Age 35-44","Males",381,192,573
"Net Migration",2005,"Age 35-44","All persons",746,200,946
"Net Migration",2005,"Age 45-54","Females",165,33,198
"Net Migration",2005,"Age 45-54","Males",208,142,350
"Net Migration",2005,"Age 45-54","All persons",373,175,548
"Net Migration",2005,"Age 55-64","Females",136,-11,125
"Net Migration",2005,"Age 55-64","Males",188,-14,174
"Net Migration",2005,"Age 55-64","All persons",324,-25,299
"Net Migration",2005,"Age 65+","Females",82,-132,-50
"Net Migration",2005,"Age 65+","Males",119,-69,50
"Net Migration",2005,"Age 65+","All persons",201,-201,0
"Net Migration",2005,"All","Females",859,1629,2488
"Net Migration",2005,"All","Males",1148,2054,3202
"Net Migration",2005,"All","All persons",2007,3683,5690
"Net Migration",2006,"Age 0-17","Females",323,872,1195
"Net Migration",2006,"Age 0-17","Males",318,874,1192
"Net Migration",2006,"Age 0-17","All persons",641,1746,2387
"Net Migration",2006,"Age 18-24","Females",-1059,1139,80
"Net Migration",2006,"Age 18-24","Males",-1050,1139,89
"Net Migration",2006,"Age 18-24","All persons",-2109,2278,169
"Net Migration",2006,"Age 25-34","Females",456,1097,1553
"Net Migration",2006,"Age 25-34","Males",570,1158,1728
"Net Migration",2006,"Age 25-34","All persons",1026,2255,3281
"Net Migration",2006,"Age 35-44","Females",235,145,380
"Net Migration",2006,"Age 35-44","Males",288,321,609
"Net Migration",2006,"Age 35-44","All persons",523,466,989
"Net Migration",2006,"Age 45-54","Females",108,126,234
"Net Migration",2006,"Age 45-54","Males",170,238,408
"Net Migration",2006,"Age 45-54","All persons",278,364,642
"Net Migration",2006,"Age 55-64","Females",153,-28,125
"Net Migration",2006,"Age 55-64","Males",171,8,179
"Net Migration",2006,"Age 55-64","All persons",324,-20,304
"Net Migration",2006,"Age 65+","Females",98,-47,51
"Net Migration",2006,"Age 65+","Males",89,-36,53
"Net Migration",2006,"Age 65+","All persons",187,-83,104
"Net Migration",2006,"All","Females",314,3304,3618
"Net Migration",2006,"All","Males",556,3702,4258
"Net Migration",2006,"All","All persons",870,7006,7876
"Net Migration",2007,"Age 0-17","Females",289,1085,1374
"Net Migration",2007,"Age 0-17","Males",269,1168,1437
"Net Migration",2007,"Age 0-17","All persons",558,2253,2811
"Net Migration",2007,"Age 18-24","Females",-658,1272,614
"Net Migration",2007,"Age 18-24","Males",-670,1265,595
"Net Migration",2007,"Age 18-24","All persons",-1328,2537,1209
"Net Migration",2007,"Age 25-34","Females",721,1623,2344
"Net Migration",2007,"Age 25-34","Males",801,1809,2610
"Net Migration",2007,"Age 25-34","All persons",1522,3432,4954
"Net Migration",2007,"Age 35-44","Females",294,221,515
"Net Migration",2007,"Age 35-44","Males",235,355,590
"Net Migration",2007,"Age 35-44","All persons",529,576,1105
"Net Migration",2007,"Age 45-54","Females",91,190,281
"Net Migration",2007,"Age 45-54","Males",142,325,467
"Net Migration",2007,"Age 45-54","All persons",233,515,748
"Net Migration",2007,"Age 55-64","Females",48,-42,6
"Net Migration",2007,"Age 55-64","Males",144,-5,139
"Net Migration",2007,"Age 55-64","All persons",192,-47,145
"Net Migration",2007,"Age 65+","Females",43,-52,-9
"Net Migration",2007,"Age 65+","Males",41,-74,-33
"Net Migration",2007,"Age 65+","All persons",84,-126,-42
"Net Migration",2007,"All","Females",828,4297,5125
"Net Migration",2007,"All","Males",962,4843,5805
"Net Migration",2007,"All","All persons",1790,9140,10930
"Net Migration",2008,"Age 0-17","Females",333,882,1215
"Net Migration",2008,"Age 0-17","Males",294,776,1070
"Net Migration",2008,"Age 0-17","All persons",627,1658,2285
"Net Migration",2008,"Age 18-24","Females",-740,1067,327
"Net Migration",2008,"Age 18-24","Males",-737,1057,320
"Net Migration",2008,"Age 18-24","All persons",-1477,2124,647
"Net Migration",2008,"Age 25-34","Females",587,1046,1633
"Net Migration",2008,"Age 25-34","Males",601,1126,1727
"Net Migration",2008,"Age 25-34","All persons",1188,2172,3360
"Net Migration",2008,"Age 35-44","Females",268,70,338
"Net Migration",2008,"Age 35-44","Males",231,152,383
"Net Migration",2008,"Age 35-44","All persons",499,222,721
"Net Migration",2008,"Age 45-54","Females",118,152,270
"Net Migration",2008,"Age 45-54","Males",165,139,304
"Net Migration",2008,"Age 45-54","All persons",283,291,574
"Net Migration",2008,"Age 55-64","Females",95,-36,59
"Net Migration",2008,"Age 55-64","Males",111,-19,92
"Net Migration",2008,"Age 55-64","All persons",206,-55,151
"Net Migration",2008,"Age 65+","Females",36,-52,-16
"Net Migration",2008,"Age 65+","Males",72,-80,-8
"Net Migration",2008,"Age 65+","All persons",108,-132,-24
"Net Migration",2008,"All","Females",697,3129,3826
"Net Migration",2008,"All","Males",737,3151,3888
"Net Migration",2008,"All","All persons",1434,6280,7714
"Net Migration",2009,"Age 0-17","Females",236,447,683
"Net Migration",2009,"Age 0-17","Males",235,354,589
"Net Migration",2009,"Age 0-17","All persons",471,801,1272
"Net Migration",2009,"Age 18-24","Females",-700,625,-75
"Net Migration",2009,"Age 18-24","Males",-714,645,-69
"Net Migration",2009,"Age 18-24","All persons",-1414,1270,-144
"Net Migration",2009,"Age 25-34","Females",408,357,765
"Net Migration",2009,"Age 25-34","Males",274,484,758
"Net Migration",2009,"Age 25-34","All persons",682,841,1523
"Net Migration",2009,"Age 35-44","Females",165,-62,103
"Net Migration",2009,"Age 35-44","Males",129,48,177
"Net Migration",2009,"Age 35-44","All persons",294,-14,280
"Net Migration",2009,"Age 45-54","Females",115,67,182
"Net Migration",2009,"Age 45-54","Males",137,123,260
"Net Migration",2009,"Age 45-54","All persons",252,190,442
"Net Migration",2009,"Age 55-64","Females",107,0,107
"Net Migration",2009,"Age 55-64","Males",123,5,128
"Net Migration",2009,"Age 55-64","All persons",230,5,235
"Net Migration",2009,"Age 65+","Females",61,-33,28
"Net Migration",2009,"Age 65+","Males",83,-62,21
"Net Migration",2009,"Age 65+","All persons",144,-95,49
"Net Migration",2009,"All","Females",392,1401,1793
"Net Migration",2009,"All","Males",267,1597,1864
"Net Migration",2009,"All","All persons",659,2998,3657
"Net Migration",2010,"Age 0-17","Females",163,332,495
"Net Migration",2010,"Age 0-17","Males",104,430,534
"Net Migration",2010,"Age 0-17","All persons",267,762,1029
"Net Migration",2010,"Age 18-24","Females",-878,590,-288
"Net Migration",2010,"Age 18-24","Males",-881,638,-243
"Net Migration",2010,"Age 18-24","All persons",-1759,1228,-531
"Net Migration",2010,"Age 25-34","Females",35,-3,32
"Net Migration",2010,"Age 25-34","Males",85,217,302
"Net Migration",2010,"Age 25-34","All persons",120,214,334
"Net Migration",2010,"Age 35-44","Females",144,-259,-115
"Net Migration",2010,"Age 35-44","Males",68,-130,-62
"Net Migration",2010,"Age 35-44","All persons",212,-389,-177
"Net Migration",2010,"Age 45-54","Females",69,76,145
"Net Migration",2010,"Age 45-54","Males",110,21,131
"Net Migration",2010,"Age 45-54","All persons",179,97,276
"Net Migration",2010,"Age 55-64","Females",76,-6,70
"Net Migration",2010,"Age 55-64","Males",108,-36,72
"Net Migration",2010,"Age 55-64","All persons",184,-42,142
"Net Migration",2010,"Age 65+","Females",84,-63,21
"Net Migration",2010,"Age 65+","Males",101,-45,56
"Net Migration",2010,"Age 65+","All persons",185,-108,77
"Net Migration",2010,"All","Females",-307,667,360
"Net Migration",2010,"All","Males",-305,1095,790
"Net Migration",2010,"All","All persons",-612,1762,1150
"Net Migration",2011,"Age 0-17","Females",54,372,426
"Net Migration",2011,"Age 0-17","Males",114,246,360
"Net Migration",2011,"Age 0-17","All persons",168,618,786
"Net Migration",2011,"Age 18-24","Females",-768,180,-588
"Net Migration",2011,"Age 18-24","Males",-833,183,-650
"Net Migration",2011,"Age 18-24","All persons",-1601,363,-1238
"Net Migration",2011,"Age 25-34","Females",25,-512,-487
"Net Migration",2011,"Age 25-34","Males",50,-488,-438
"Net Migration",2011,"Age 25-34","All persons",75,-1000,-925
"Net Migration",2011,"Age 35-44","Females",74,-202,-128
"Net Migration",2011,"Age 35-44","Males",44,-228,-184
"Net Migration",2011,"Age 35-44","All persons",118,-430,-312
"Net Migration",2011,"Age 45-54","Females",25,-6,19
"Net Migration",2011,"Age 45-54","Males",70,-21,49
"Net Migration",2011,"Age 45-54","All persons",95,-27,68
"Net Migration",2011,"Age 55-64","Females",94,-58,36
"Net Migration",2011,"Age 55-64","Males",105,-28,77
"Net Migration",2011,"Age 55-64","All persons",199,-86,113
"Net Migration",2011,"Age 65+","Females",60,-68,-8
"Net Migration",2011,"Age 65+","Males",88,-66,22
"Net Migration",2011,"Age 65+","All persons",148,-134,14
"Net Migration",2011,"All","Females",-436,-294,-730
"Net Migration",2011,"All","Males",-362,-402,-764
"Net Migration",2011,"All","All persons",-798,-696,-1494
"Net Migration",2012,"Age 0-17","Females",64,302,366
"Net Migration",2012,"Age 0-17","Males",53,123,176
"Net Migration",2012,"Age 0-17","All persons",117,425,542
"Net Migration",2012,"Age 18-24","Females",-1162,471,-691
"Net Migration",2012,"Age 18-24","Males",-1133,80,-1053
"Net Migration",2012,"Age 18-24","All persons",-2295,551,-1744
"Net Migration",2012,"Age 25-34","Females",-81,32,-49
"Net Migration",2012,"Age 25-34","Males",-131,-2,-133
"Net Migration",2012,"Age 25-34","All persons",-212,30,-182
"Net Migration",2012,"Age 35-44","Females",117,-262,-145
"Net Migration",2012,"Age 35-44","Males",28,88,116
"Net Migration",2012,"Age 35-44","All persons",145,-174,-29
"Net Migration",2012,"Age 45-54","Females",75,96,171
"Net Migration",2012,"Age 45-54","Males",63,160,223
"Net Migration",2012,"Age 45-54","All persons",138,256,394
"Net Migration",2012,"Age 55-64","Females",73,22,95
"Net Migration",2012,"Age 55-64","Males",115,152,267
"Net Migration",2012,"Age 55-64","All persons",188,174,362
"Net Migration",2012,"Age 65+","Females",53,-14,39
"Net Migration",2012,"Age 65+","Males",109,-20,89
"Net Migration",2012,"Age 65+","All persons",162,-34,128
"Net Migration",2012,"All","Females",-861,647,-214
"Net Migration",2012,"All","Males",-896,581,-315
"Net Migration",2012,"All","All persons",-1757,1228,-529
"Net Migration",2013,"Age 0-17","Females",133,359,492
"Net Migration",2013,"Age 0-17","Males",56,-8,48
"Net Migration",2013,"Age 0-17","All persons",189,351,540
"Net Migration",2013,"Age 18-24","Females",-986,223,-763
"Net Migration",2013,"Age 18-24","Males",-1222,-178,-1400
"Net Migration",2013,"Age 18-24","All persons",-2208,45,-2163
"Net Migration",2013,"Age 25-34","Females",31,-227,-196
"Net Migration",2013,"Age 25-34","Males",-138,-395,-533
"Net Migration",2013,"Age 25-34","All persons",-107,-622,-729
"Net Migration",2013,"Age 35-44","Females",79,-273,-194
"Net Migration",2013,"Age 35-44","Males",-27,-27,-54
"Net Migration",2013,"Age 35-44","All persons",52,-300,-248
"Net Migration",2013,"Age 45-54","Females",107,28,135
"Net Migration",2013,"Age 45-54","Males",124,159,283
"Net Migration",2013,"Age 45-54","All persons",231,187,418
"Net Migration",2013,"Age 55-64","Females",122,96,218
"Net Migration",2013,"Age 55-64","Males",116,116,232
"Net Migration",2013,"Age 55-64","All persons",238,212,450
"Net Migration",2013,"Age 65+","Females",69,-40,29
"Net Migration",2013,"Age 65+","Males",85,-18,67
"Net Migration",2013,"Age 65+","All persons",154,-58,96
"Net Migration",2013,"All","Females",-445,166,-279
"Net Migration",2013,"All","Males",-1006,-351,-1357
"Net Migration",2013,"All","All persons",-1451,-185,-1636
"Net Migration",2014,"Age 0-17","Females",234,537,771
"Net Migration",2014,"Age 0-17","Males",207,353,560
"Net Migration",2014,"Age 0-17","All persons",441,890,1331
"Net Migration",2014,"Age 18-24","Females",-1113,540,-573
"Net Migration",2014,"Age 18-24","Males",-1113,260,-853
"Net Migration",2014,"Age 18-24","All persons",-2226,800,-1426
"Net Migration",2014,"Age 25-34","Females",109,325,434
"Net Migration",2014,"Age 25-34","Males",12,203,215
"Net Migration",2014,"Age 25-34","All persons",121,528,649
"Net Migration",2014,"Age 35-44","Females",194,-31,163
"Net Migration",2014,"Age 35-44","Males",76,198,274
"Net Migration",2014,"Age 35-44","All persons",270,167,437
"Net Migration",2014,"Age 45-54","Females",164,75,239
"Net Migration",2014,"Age 45-54","Males",123,171,294
"Net Migration",2014,"Age 45-54","All persons",287,246,533
"Net Migration",2014,"Age 55-64","Females",116,112,228
"Net Migration",2014,"Age 55-64","Males",139,97,236
"Net Migration",2014,"Age 55-64","All persons",255,209,464
"Net Migration",2014,"Age 65+","Females",88,-47,41
"Net Migration",2014,"Age 65+","Males",98,-35,63
"Net Migration",2014,"Age 65+","All persons",186,-82,104
"Net Migration",2014,"All","Females",-208,1511,1303
"Net Migration",2014,"All","Males",-458,1247,789
"Net Migration",2014,"All","All persons",-666,2758,2092
"Net Migration",2015,"Age 0-17","Females",253,425,678
"Net Migration",2015,"Age 0-17","Males",263,354,617
"Net Migration",2015,"Age 0-17","All persons",516,779,1295
"Net Migration",2015,"Age 18-24","Females",-1092,659,-433
"Net Migration",2015,"Age 18-24","Males",-1245,402,-843
"Net Migration",2015,"Age 18-24","All persons",-2337,1061,-1276
"Net Migration",2015,"Age 25-34","Females",113,397,510
"Net Migration",2015,"Age 25-34","Males",-16,271,255
"Net Migration",2015,"Age 25-34","All persons",97,668,765
"Net Migration",2015,"Age 35-44","Females",193,-57,136
"Net Migration",2015,"Age 35-44","Males",110,413,523
"Net Migration",2015,"Age 35-44","All persons",303,356,659
"Net Migration",2015,"Age 45-54","Females",116,97,213
"Net Migration",2015,"Age 45-54","Males",126,268,394
"Net Migration",2015,"Age 45-54","All persons",242,365,607
"Net Migration",2015,"Age 55-64","Females",108,33,141
"Net Migration",2015,"Age 55-64","Males",71,145,216
"Net Migration",2015,"Age 55-64","All persons",179,178,357
"Net Migration",2015,"Age 65+","Females",114,-69,45
"Net Migration",2015,"Age 65+","Males",123,-27,96
"Net Migration",2015,"Age 65+","All persons",237,-96,141
"Net Migration",2015,"All","Females",-195,1485,1290
"Net Migration",2015,"All","Males",-568,1826,1258
"Net Migration",2015,"All","All persons",-763,3311,2548
"Net Migration",2016,"Age 0-17","Females",253,392,645
"Net Migration",2016,"Age 0-17","Males",334,264,598
"Net Migration",2016,"Age 0-17","All persons",587,656,1243
"Net Migration",2016,"Age 18-24","Females",-1130,381,-749
"Net Migration",2016,"Age 18-24","Males",-1150,121,-1029
"Net Migration",2016,"Age 18-24","All persons",-2280,502,-1778
"Net Migration",2016,"Age 25-34","Females",264,51,315
"Net Migration",2016,"Age 25-34","Males",284,-122,162
"Net Migration",2016,"Age 25-34","All persons",548,-71,477
"Net Migration",2016,"Age 35-44","Females",233,89,322
"Net Migration",2016,"Age 35-44","Males",150,288,438
"Net Migration",2016,"Age 35-44","All persons",383,377,760
"Net Migration",2016,"Age 45-54","Females",117,18,135
"Net Migration",2016,"Age 45-54","Males",113,228,341
"Net Migration",2016,"Age 45-54","All persons",230,246,476
"Net Migration",2016,"Age 55-64","Females",133,103,236
"Net Migration",2016,"Age 55-64","Males",135,99,234
"Net Migration",2016,"Age 55-64","All persons",268,202,470
"Net Migration",2016,"Age 65+","Females",113,-54,59
"Net Migration",2016,"Age 65+","Males",151,25,176
"Net Migration",2016,"Age 65+","All persons",264,-29,235
"Net Migration",2016,"All","Females",-17,980,963
"Net Migration",2016,"All","Males",17,903,920
"Net Migration",2016,"All","All persons",0,1883,1883
"Net Migration",2017,"Age 0-17","Females",339,294,633
"Net Migration",2017,"Age 0-17","Males",350,75,425
"Net Migration",2017,"Age 0-17","All persons",689,369,1058
"Net Migration",2017,"Age 18-24","Females",-1430,151,-1279
"Net Migration",2017,"Age 18-24","Males",-1212,-46,-1258
"Net Migration",2017,"Age 18-24","All persons",-2642,105,-2537
"Net Migration",2017,"Age 25-34","Females",513,26,539
"Net Migration",2017,"Age 25-34","Males",490,-340,150
"Net Migration",2017,"Age 25-34","All persons",1003,-314,689
"Net Migration",2017,"Age 35-44","Females",308,37,345
"Net Migration",2017,"Age 35-44","Males",271,266,537
"Net Migration",2017,"Age 35-44","All persons",579,303,882
"Net Migration",2017,"Age 45-54","Females",148,12,160
"Net Migration",2017,"Age 45-54","Males",193,217,410
"Net Migration",2017,"Age 45-54","All persons",341,229,570
"Net Migration",2017,"Age 55-64","Females",165,80,245
"Net Migration",2017,"Age 55-64","Males",173,103,276
"Net Migration",2017,"Age 55-64","All persons",338,183,521
"Net Migration",2017,"Age 65+","Females",133,-21,112
"Net Migration",2017,"Age 65+","Males",151,-13,138
"Net Migration",2017,"Age 65+","All persons",284,-34,250
"Net Migration",2017,"All","Females",176,579,755
"Net Migration",2017,"All","Males",416,262,678
"Net Migration",2017,"All","All persons",592,841,1433
"Net Migration",2018,"Age 0-17","Females",424,465,889
"Net Migration",2018,"Age 0-17","Males",382,418,800
"Net Migration",2018,"Age 0-17","All persons",806,883,1689
"Net Migration",2018,"Age 18-24","Females",-1086,550,-536
"Net Migration",2018,"Age 18-24","Males",-1177,391,-786
"Net Migration",2018,"Age 18-24","All persons",-2263,941,-1322
"Net Migration",2018,"Age 25-34","Females",277,515,792
"Net Migration",2018,"Age 25-34","Males",209,302,511
"Net Migration",2018,"Age 25-34","All persons",486,817,1303
"Net Migration",2018,"Age 35-44","Females",294,251,545
"Net Migration",2018,"Age 35-44","Males",162,528,690
"Net Migration",2018,"Age 35-44","All persons",456,779,1235
"Net Migration",2018,"Age 45-54","Females",166,113,279
"Net Migration",2018,"Age 45-54","Males",141,359,500
"Net Migration",2018,"Age 45-54","All persons",307,472,779
"Net Migration",2018,"Age 55-64","Females",133,63,196
"Net Migration",2018,"Age 55-64","Males",139,100,239
"Net Migration",2018,"Age 55-64","All persons",272,163,435
"Net Migration",2018,"Age 65+","Females",49,-46,3
"Net Migration",2018,"Age 65+","Males",102,13,115
"Net Migration",2018,"Age 65+","All persons",151,-33,118
"Net Migration",2018,"All","Females",257,1911,2168
"Net Migration",2018,"All","Males",-42,2111,2069
"Net Migration",2018,"All","All persons",215,4022,4237
"Net Migration",2019,"Age 0-17","Females",356,484,840
"Net Migration",2019,"Age 0-17","Males",380,323,703
"Net Migration",2019,"Age 0-17","All persons",736,807,1543
"Net Migration",2019,"Age 18-24","Females",-1155,500,-655
"Net Migration",2019,"Age 18-24","Males",-1091,381,-710
"Net Migration",2019,"Age 18-24","All persons",-2246,881,-1365
"Net Migration",2019,"Age 25-34","Females",571,406,977
"Net Migration",2019,"Age 25-34","Males",541,211,752
"Net Migration",2019,"Age 25-34","All persons",1112,617,1729
"Net Migration",2019,"Age 35-44","Females",368,404,772
"Net Migration",2019,"Age 35-44","Males",263,471,734
"Net Migration",2019,"Age 35-44","All persons",631,875,1506
"Net Migration",2019,"Age 45-54","Females",197,145,342
"Net Migration",2019,"Age 45-54","Males",209,349,558
"Net Migration",2019,"Age 45-54","All persons",406,494,900
"Net Migration",2019,"Age 55-64","Females",148,58,206
"Net Migration",2019,"Age 55-64","Males",132,69,201
"Net Migration",2019,"Age 55-64","All persons",280,127,407
"Net Migration",2019,"Age 65+","Females",80,-39,41
"Net Migration",2019,"Age 65+","Males",115,37,152
"Net Migration",2019,"Age 65+","All persons",195,-2,193
"Net Migration",2019,"All","Females",565,1958,2523
"Net Migration",2019,"All","Males",549,1841,2390
"Net Migration",2019,"All","All persons",1114,3799,4913
"Net Migration",2020,"Age 0-17","Females",190,-172,18
"Net Migration",2020,"Age 0-17","Males",239,-347,-108
"Net Migration",2020,"Age 0-17","All persons",429,-519,-90
"Net Migration",2020,"Age 18-24","Females",-1538,-119,-1657
"Net Migration",2020,"Age 18-24","Males",-1368,-355,-1723
"Net Migration",2020,"Age 18-24","All persons",-2906,-474,-3380
"Net Migration",2020,"Age 25-34","Females",166,-262,-96
"Net Migration",2020,"Age 25-34","Males",60,-719,-659
"Net Migration",2020,"Age 25-34","All persons",226,-981,-755
"Net Migration",2020,"Age 35-44","Females",232,100,332
"Net Migration",2020,"Age 35-44","Males",144,3,147
"Net Migration",2020,"Age 35-44","All persons",376,103,479
"Net Migration",2020,"Age 45-54","Females",49,-78,-29
"Net Migration",2020,"Age 45-54","Males",55,100,155
"Net Migration",2020,"Age 45-54","All persons",104,22,126
"Net Migration",2020,"Age 55-64","Females",80,23,103
"Net Migration",2020,"Age 55-64","Males",118,102,220
"Net Migration",2020,"Age 55-64","All persons",198,125,323
"Net Migration",2020,"Age 65+","Females",10,-101,-91
"Net Migration",2020,"Age 65+","Males",37,3,40
"Net Migration",2020,"Age 65+","All persons",47,-98,-51
"Net Migration",2020,"All","Females",-811,-609,-1420
"Net Migration",2020,"All","Males",-715,-1213,-1928
"Net Migration",2020,"All","All persons",-1526,-1822,-3348
"Net Migration",2021,"Age 0-17","Females",218,69,287
"Net Migration",2021,"Age 0-17","Males",298,-308,-10
"Net Migration",2021,"Age 0-17","All persons",516,-239,277
"Net Migration",2021,"Age 18-24","Females",-1929,581,-1348
"Net Migration",2021,"Age 18-24","Males",-1647,428,-1219
"Net Migration",2021,"Age 18-24","All persons",-3576,1009,-2567
"Net Migration",2021,"Age 25-34","Females",39,666,705
"Net Migration",2021,"Age 25-34","Males",-366,304,-62
"Net Migration",2021,"Age 25-34","All persons",-327,970,643
"Net Migration",2021,"Age 35-44","Females",347,396,743
"Net Migration",2021,"Age 35-44","Males",38,224,262
"Net Migration",2021,"Age 35-44","All persons",385,620,1005
"Net Migration",2021,"Age 45-54","Females",135,-32,103
"Net Migration",2021,"Age 45-54","Males",76,-47,29
"Net Migration",2021,"Age 45-54","All persons",211,-79,132
"Net Migration",2021,"Age 55-64","Females",135,12,147
"Net Migration",2021,"Age 55-64","Males",122,-108,14
"Net Migration",2021,"Age 55-64","All persons",257,-96,161
"Net Migration",2021,"Age 65+","Females",50,-145,-95
"Net Migration",2021,"Age 65+","Males",93,-52,41
"Net Migration",2021,"Age 65+","All persons",143,-197,-54
"Net Migration",2021,"All","Females",-1005,1547,542
"Net Migration",2021,"All","Males",-1386,441,-945
"Net Migration",2021,"All","All persons",-2391,1988,-403
"Net Migration",2022,"Age 0-17","Females",296,1448,1744
"Net Migration",2022,"Age 0-17","Males",354,1517,1871
"Net Migration",2022,"Age 0-17","All persons",650,2965,3615
"Net Migration",2022,"Age 18-24","Females",-2565,445,-2120
"Net Migration",2022,"Age 18-24","Males",-1996,452,-1544
"Net Migration",2022,"Age 18-24","All persons",-4561,897,-3664
"Net Migration",2022,"Age 25-34","Females",52,489,541
"Net Migration",2022,"Age 25-34","Males",-248,679,431
"Net Migration",2022,"Age 25-34","All persons",-196,1168,972
"Net Migration",2022,"Age 35-44","Females",360,340,700
"Net Migration",2022,"Age 35-44","Males",209,315,524
"Net Migration",2022,"Age 35-44","All persons",569,655,1224
"Net Migration",2022,"Age 45-54","Females",189,-25,164
"Net Migration",2022,"Age 45-54","Males",144,-17,127
"Net Migration",2022,"Age 45-54","All persons",333,-42,291
"Net Migration",2022,"Age 55-64","Females",150,-49,101
"Net Migration",2022,"Age 55-64","Males",139,-221,-82
"Net Migration",2022,"Age 55-64","All persons",289,-270,19
"Net Migration",2022,"Age 65+","Females",71,-165,-94
"Net Migration",2022,"Age 65+","Males",139,-188,-49
"Net Migration",2022,"Age 65+","All persons",210,-353,-143
"Net Migration",2022,"All","Females",-1447,2483,1036
"Net Migration",2022,"All","Males",-1259,2537,1278
"Net Migration",2022,"All","All persons",-2706,5020,2314
"Net Migration",2023,"Age 0-17","Females",310,1449,1759
"Net Migration",2023,"Age 0-17","Males",371,1477,1848
"Net Migration",2023,"Age 0-17","All persons",681,2926,3607
"Net Migration",2023,"Age 18-24","Females",-1298,584,-714
"Net Migration",2023,"Age 18-24","Males",-1144,596,-548
"Net Migration",2023,"Age 18-24","All persons",-2442,1180,-1262
"Net Migration",2023,"Age 25-34","Females",226,1273,1499
"Net Migration",2023,"Age 25-34","Males",231,1545,1776
"Net Migration",2023,"Age 25-34","All persons",457,2818,3275
"Net Migration",2023,"Age 35-44","Females",314,439,753
"Net Migration",2023,"Age 35-44","Males",170,678,848
"Net Migration",2023,"Age 35-44","All persons",484,1117,1601
"Net Migration",2023,"Age 45-54","Females",206,24,230
"Net Migration",2023,"Age 45-54","Males",229,66,295
"Net Migration",2023,"Age 45-54","All persons",435,90,525
"Net Migration",2023,"Age 55-64","Females",89,-71,18
"Net Migration",2023,"Age 55-64","Males",126,-172,-46
"Net Migration",2023,"Age 55-64","All persons",215,-243,-28
"Net Migration",2023,"Age 65+","Females",45,-155,-110
"Net Migration",2023,"Age 65+","Males",86,-171,-85
"Net Migration",2023,"Age 65+","All persons",131,-326,-195
"Net Migration",2023,"All","Females",-108,3543,3435
"Net Migration",2023,"All","Males",69,4019,4088
"Net Migration",2023,"All","All persons",-39,7562,7523
"Net Migration",2024,"Age 0-17","Females",182,1270,1452
"Net Migration",2024,"Age 0-17","Males",221,1313,1534
"Net Migration",2024,"Age 0-17","All persons",403,2583,2986
"Net Migration",2024,"Age 18-24","Females",-1016,766,-250
"Net Migration",2024,"Age 18-24","Males",-1024,811,-213
"Net Migration",2024,"Age 18-24","All persons",-2040,1577,-463
"Net Migration",2024,"Age 25-34","Females",180,884,1064
"Net Migration",2024,"Age 25-34","Males",176,1401,1577
"Net Migration",2024,"Age 25-34","All persons",356,2285,2641
"Net Migration",2024,"Age 35-44","Females",355,262,617
"Net Migration",2024,"Age 35-44","Males",193,699,892
"Net Migration",2024,"Age 35-44","All persons",548,961,1509
"Net Migration",2024,"Age 45-54","Females",115,-206,-91
"Net Migration",2024,"Age 45-54","Males",170,94,264
"Net Migration",2024,"Age 45-54","All persons",285,-112,173
"Net Migration",2024,"Age 55-64","Females",98,-243,-145
"Net Migration",2024,"Age 55-64","Males",124,-405,-281
"Net Migration",2024,"Age 55-64","All persons",222,-648,-426
"Net Migration",2024,"Age 65+","Females",-4,-273,-277
"Net Migration",2024,"Age 65+","Males",28,-402,-374
"Net Migration",2024,"Age 65+","All persons",24,-675,-651
"Net Migration",2024,"All","Females",-90,2460,2370
"Net Migration",2024,"All","Males",-112,3511,3399
"Net Migration",2024,"All","All persons",-202,5971,5769
